{"cameraMode":{"drawMode":0,"name":"Shaded","section":"Shading Mode"},"sceneLighting":true,"audioPlay":false,"sceneViewState":{"showFog":true,"showMaterialUpdate":false,"showSkybox":true,"showFlares":true,"showImageEffects":true,"showParticleSystems":true},"in2DMode":false,"pivot":{"x":21.31119728088379,"y":14.243565559387207,"z":-11.568279266357422},"rotation":{"x":-0.22953981161117555,"y":0.5708298087120056,"z":-0.17022474110126496,"w":-0.7697367668151856},"size":2.8578836917877199,"orthographic":false}