{"cameraMode":{"drawMode":0,"name":"Shaded","section":"Shading Mode"},"sceneLighting":true,"audioPlay":false,"sceneViewState":{"showFog":true,"showMaterialUpdate":false,"showSkybox":true,"showFlares":true,"showImageEffects":true,"showParticleSystems":true},"in2DMode":false,"pivot":{"x":0.54837566614151,"y":0.02511369064450264,"z":-0.2495420128107071},"rotation":{"x":0.7412285208702087,"y":-0.002014602767303586,"z":0.002223384100943804,"w":0.6712544560432434},"size":15.456456184387207,"orthographic":true}